{"name":"13112749-3cc9-43fc-9e43-8094307fb857","id":"/providers/Microsoft.Flow/flows/13112749-3cc9-43fc-9e43-8094307fb857","type":"Microsoft.Flow/flows","properties":{"apiId":"/providers/Microsoft.PowerApps/apis/shared_logicflows","displayName":"Tteokguk Recipe","definition":{"metadata":{"workflowEntityId":null,"flowclientsuspensionreason":"None","flowclientsuspensiontime":null,"creator":{"id":"99f6e946-9c4c-45b0-b0ae-694dbc05435f","type":"User","tenantId":"3b8aa9eb-3e08-4a28-84ad-43b28ee356b5"},"provisioningMethod":"FromDefinition","failureAlertSubscription":true,"clientLastModifiedTime":"2020-12-02T11:27:35.1290093Z"},"$schema":"https://schema.management.azure.com/providers/Microsoft.Logic/schemas/2016-06-01/workflowdefinition.json#","contentVersion":"1.0.0.0","parameters":{"$connections":{"defaultValue":{},"type":"Object"},"$authentication":{"defaultValue":{},"type":"SecureObject"}},"triggers":{"manual":{"type":"Request","kind":"PowerApp","inputs":{"schema":{"type":"object","properties":{"Recipe_Inputs":{"type":"any","description":"Inputs","x-ms-powerflows-param-ispartial":false}},"required":["Recipe_Inputs"]}}}},"actions":{"HTTP_Webhook":{"runAfter":{"Parse_JSON":["Succeeded"]},"type":"HttpWebhook","inputs":{"subscribe":{"method":"POST","uri":"https://prod-22.koreacentral.logic.azure.com:443/workflows/5367c619f97d4ae1a4a1f3489c0874e3/triggers/manual/paths/invoke?api-version=2016-10-01&sp=%2Ftriggers%2Fmanual%2Frun&sv=1.0&sig=wRQ7sUjGAa0toAFSPmubplDdCQ60FdHcicVhI5VKigw","body":{"boughtSlicedGaraetteok":"@body('Parse_JSON')?['boughtSlicedGaraetteok']","timeToSoakInMinutes":"@body('Parse_JSON')?['timeToSoakInMinutes']","timeToSliceInMinutes":"@body('Parse_JSON')?['timeToSliceInMinutes']","timeToStirFryInMinutes":"@body('Parse_JSON')?['timeToStirFryInMinutes']","timeToBoilInMinutes":"@body('Parse_JSON')?['timeToBoilInMinutes']","pepper":"@body('Parse_JSON')?['pepper']","email":"@body('Parse_JSON')?['email']","callbackUrl":"@listCallbackUrl()"}},"unsubscribe":{}}},"Recipe":{"runAfter":{},"type":"Compose","inputs":"@triggerBody()['Recipe_Inputs']"},"Parse_JSON":{"runAfter":{"Recipe":["Succeeded"]},"type":"ParseJson","inputs":{"content":"@outputs('Recipe')","schema":{"type":"object","properties":{"boughtSlicedGaraetteok":{"type":"boolean"},"timeToSoakInMinutes":{"type":"integer"},"timeToSliceInMinutes":{"type":"integer"},"timeToStirFryInMinutes":{"type":"integer"},"timeToBoilInMinutes":{"type":"integer"},"pepper":{"type":"boolean"},"email":{"type":"string"}}}}},"ImageUrl":{"runAfter":{"HTTP_Webhook":["Succeeded"]},"type":"Compose","inputs":"@body('HTTP_Webhook')?['tteokgukImageUrl']"},"Send_push_notification":{"runAfter":{"ImageUrl":["Succeeded"]},"type":"OpenApiConnection","inputs":{"host":{"apiId":"/providers/Microsoft.PowerApps/apis/shared_powerappsnotification","connectionName":"shared_powerappsnotification","operationId":"SendPushNotification"},"parameters":{"payload/recipients":["@body('Parse_JSON')?['email']"],"payload/message":"Your tteokguk is ready!","payload/openApp":true,"payload/params":{"tteokgukImageUrl":"@outputs('ImageUrl')"}},"authentication":{"value":"@json(decodeBase64(triggerOutputs().headers['X-MS-APIM-Tokens']))['$ConnectionKey']","type":"Raw"}}}}},"connectionReferences":{"shared_powerappsnotification":{"connectionName":"shared-powerappsnoti-c7426522-4ea7-4ac1-9a1d-774e-c173f96f","source":"Invoker","id":"/providers/Microsoft.PowerApps/apis/shared_powerappsnotification","tier":"NotSpecified"}},"flowFailureAlertSubscribed":false}}