{"schemaVersion":"1.0","appDefinitionTemplate":{"id":"/providers/Microsoft.PowerApps/apps/","type":"Microsoft.PowerApps/apps","tags":{"primaryDeviceWidth":"640","primaryDeviceHeight":"1136","sienaVersion":"20201202T151432Z-3.20112.43.0","deviceCapabilities":"","supportsPortrait":"true","supportsLandscape":"false","primaryFormFactor":"Phone","publisherVersion":"3.20112.43","minimumRequiredApiVersion":"2.2.0","hasComponent":"false","hasUnlockedComponent":"false","isUnifiedRootApp":"false"},"properties":{"appVersion":"2020-12-02T15:14:32Z","lifeCycleId":"Published","createdByClientVersion":{"major":3,"minor":20112,"build":43,"revision":0,"majorRevision":0,"minorRevision":0},"minClientVersion":{"major":3,"minor":20112,"build":43,"revision":0,"majorRevision":0,"minorRevision":0},"backgroundColor":"rgba(0, 176, 240, 1)","backgroundImageUri":"/7715266363836152839/Nfcb67adf-d88e-4087-9c1a-c71285aecb73-logoSmallFile","displayName":"Tteokguk Maker","description":"","commitMessage":"","appUris":{"documentUri":{"value":"/7715266363836152839/N04b14a5a-6389-488d-8f99-fc27e9c814fb-document.msapp"},"imageUris":[]},"createdTime":"0001-01-01T00:00:00Z","lastModifiedTime":"0001-01-01T00:00:00Z","sharedGroupsCount":0,"sharedUsersCount":0,"icons":{"smallIconUri":"/7715266363836152839/N9bcbf628-a930-4005-9729-9e01c1c418ed-small.png","mediumIconUri":"/7715266363836152839/Ndb18def7-297e-4f62-8eda-7f4c6b1824e0-medium.png","largeIconUri":"/7715266363836152839/N4a503fbe-0746-4b2f-a737-8d1515372090-large.png","wideIconUri":"/7715266363836152839/N25ce757c-6752-4f47-a067-157e2e79aa77-wide.png"},"connectionReferences":{"dc612039-e84d-4704-8f91-96d853406b30":{"id":"5fa7ea11-6965-41c3-b8c6-d933ab73a283","displayName":"Logic flows","iconUri":"https://resourcestackdeploy.blob.core.windows.net/scripts/13276078.png","dataSources":["TteokgukRecipe"],"dependencies":["57b14168-d887-45d7-b95f-4b8542c47053"],"dependents":[],"parameterHints":{"workflowName":{"value":"723f313b-c2f3-4c86-b23e-5cfe1fbbea9d"},"57b14168-d887-45d7-b95f-4b8542c47053":{"value":"shared_powerappsnotification"}},"isOnPremiseConnection":false,"bypassConsent":false,"dataSets":{},"apiTier":"Standard","isCustomApiConnection":false,"actions":["Run"]},"57b14168-d887-45d7-b95f-4b8542c47053":{"id":"78f1059d-8e54-41e6-85da-39bc47783388","displayName":"Power Apps Notification","iconUri":"https://connectoricons-prod.azureedge.net/releases/v1.0.1411/1.0.1411.2206/powerappsnotification/icon.png","dataSources":[],"dependencies":[],"dependents":["dc612039-e84d-4704-8f91-96d853406b30"],"parameterHints":{},"isOnPremiseConnection":false,"sharedConnectionId":"ff7ac323-d6d7-472e-9c29-dd794b1efe49","bypassConsent":false,"dataSets":{},"apiTier":"Standard","isCustomApiConnection":false}},"databaseReferences":{},"almMode":"Environment","performanceOptimizationEnabled":true,"canConsumeAppPass":true,"executionRestrictions":{"isTeamsOnly":false,"dataLossPreventionEvaluationResult":{"status":"Compliant","lastEvaluationDate":"2020-12-01T01:31:34.5965642Z","violationDetails":[]}}},"isAppComponentLibrary":false,"appType":"ClassicCanvasApp","appComponents":[]}}