{"schemaVersion":"1.0","appDefinitionTemplate":{"id":"/providers/Microsoft.PowerApps/apps/","type":"Microsoft.PowerApps/apps","tags":{"primaryDeviceWidth":"640","primaryDeviceHeight":"1136","sienaVersion":"20201202T112845Z-3.20112.43.0","deviceCapabilities":"","supportsPortrait":"true","supportsLandscape":"false","primaryFormFactor":"Phone","publisherVersion":"3.20112.43","minimumRequiredApiVersion":"2.2.0","hasComponent":"false","hasUnlockedComponent":"false","isUnifiedRootApp":"false"},"properties":{"appVersion":"2020-12-02T11:28:45Z","lifeCycleId":"Published","createdByClientVersion":{"major":3,"minor":20112,"build":43,"revision":0,"majorRevision":0,"minorRevision":0},"minClientVersion":{"major":3,"minor":20112,"build":43,"revision":0,"majorRevision":0,"minorRevision":0},"backgroundColor":"rgba(0, 176, 240, 1)","backgroundImageUri":"/7715266363836152839/N0a146c17-0e0a-4a00-926c-5c99fbb3ccb5-logoSmallFile","displayName":"Tteokguk Maker","description":"","commitMessage":"","appUris":{"documentUri":{"value":"/7715266363836152839/N4b0465af-38fe-4f09-abdd-a5267cf94bad-document.msapp"},"imageUris":[]},"createdTime":"0001-01-01T00:00:00Z","lastModifiedTime":"0001-01-01T00:00:00Z","sharedGroupsCount":0,"sharedUsersCount":0,"icons":{"smallIconUri":"/7715266363836152839/N8bb93ea9-2fb0-4f1d-9306-ce9137762ccb-small.png","mediumIconUri":"/7715266363836152839/N6e3078a4-304c-4caa-9d43-ebbbc39860c4-medium.png","largeIconUri":"/7715266363836152839/Nec99be2c-5dc3-4091-862d-a1cba61071bc-large.png","wideIconUri":"/7715266363836152839/N90445d7f-7df1-4c85-90f0-23ea711ae810-wide.png"},"connectionReferences":{"c602be3b-bdbd-4562-92bf-ac69ac93575f":{"id":"7702029f-90a2-4511-9270-58fce8162113","displayName":"Power Apps Notification V2","iconUri":"https://connectoricons-prod.azureedge.net/releases/v1.0.1414/1.0.1414.2210/powerappsnotificationv2/icon.png","dataSources":["PowerAppsNotificationV2"],"dependencies":[],"dependents":[],"parameterHints":{},"isOnPremiseConnection":false,"sharedConnectionId":"348b45ce-db0b-4524-8c48-44daf8f2958e","bypassConsent":false,"dataSets":{},"apiTier":"Standard","isCustomApiConnection":false},"0d129282-e837-4f13-b9eb-a9f28a4ff95c":{"id":"5fa7ea11-6965-41c3-b8c6-d933ab73a283","displayName":"Logic flows","iconUri":"https://resourcestackdeploy.blob.core.windows.net/scripts/13276078.png","dataSources":["TteokgukRecipe"],"dependencies":["31f64706-d528-487d-8307-2003b3f2262a"],"dependents":[],"parameterHints":{"workflowName":{"value":"723f313b-c2f3-4c86-b23e-5cfe1fbbea9d"},"31f64706-d528-487d-8307-2003b3f2262a":{"value":"shared_powerappsnotification"}},"isOnPremiseConnection":false,"bypassConsent":false,"dataSets":{},"apiTier":"Standard","isCustomApiConnection":false,"actions":["Run"]},"31f64706-d528-487d-8307-2003b3f2262a":{"id":"78f1059d-8e54-41e6-85da-39bc47783388","displayName":"Power Apps Notification","iconUri":"https://connectoricons-prod.azureedge.net/releases/v1.0.1411/1.0.1411.2206/powerappsnotification/icon.png","dataSources":[],"dependencies":[],"dependents":["0d129282-e837-4f13-b9eb-a9f28a4ff95c"],"parameterHints":{},"isOnPremiseConnection":false,"sharedConnectionId":"ff7ac323-d6d7-472e-9c29-dd794b1efe49","bypassConsent":false,"dataSets":{},"apiTier":"Standard","isCustomApiConnection":false}},"databaseReferences":{},"almMode":"Environment","performanceOptimizationEnabled":true,"canConsumeAppPass":true,"executionRestrictions":{"isTeamsOnly":false,"dataLossPreventionEvaluationResult":{"status":"Compliant","lastEvaluationDate":"2020-12-01T01:31:34.5965642Z","violationDetails":[]}}},"isAppComponentLibrary":false,"appType":"ClassicCanvasApp","appComponents":[]}}